﻿<theme>
	<formatVersion>4</formatVersion>
	<view name="system, basic, detailed, gameclip">
		<helpsystem name="help">
			<iconB>../../_assets/buttons/arcade/b.png</iconB>
			<iconA>../../_assets/buttons/arcade/a.png</iconA>
			<iconX>../../_assets/buttons/arcade/x.png</iconX>
			<iconY>../../_assets/buttons/arcade/y.png</iconY>
			<iconR>../../_assets/buttons/arcade/r.png</iconR>
			<iconUpDownLeftRight>../../_assets/buttons/arcade/dir-horizontal.png</iconUpDownLeftRight>
			<iconUpDown>../../_assets/buttons/arcade/dir-vertical.png</iconUpDown>
			<iconLeftRight>../../_assets/buttons/arcade/dir-horizontal.png</iconLeftRight>
			<iconStart>../../_assets/buttons/arcade/start.png</iconStart>
			<iconSelect>../../_assets/buttons/arcade/select.png</iconSelect>
		</helpsystem>
	</view>
</theme>