<theme>
	<formatVersion>4</formatVersion>
	<view name="system, basic, detailed, gameclip">
		<helpsystem name="help">
			<fontPath>:/f8bitfortressplus.ttf</fontPath>
			<fontSize>7</fontSize>
			<iconB>../../_assets/buttons/psx/cross.png</iconB>
			<iconA>../../_assets/buttons/psx/circle.png</iconA>
			<iconX>../../_assets/buttons/psx/triangle.png</iconX>
			<iconY>../../_assets/buttons/psx/square.png</iconY>
			<iconR>../../_assets/buttons/psx/r.png</iconR>
			<iconUpDownLeftRight>../../_assets/buttons/psx/dir-horizontal.png</iconUpDownLeftRight>
			<iconUpDown>../../_assets/buttons/psx/dir-vertical.png</iconUpDown>
			<iconLeftRight>../../_assets/buttons/psx/dir-horizontal.png</iconLeftRight>
			<iconStart>../../_assets/buttons/psx/start.png</iconStart>
			<iconSelect>../../_assets/buttons/psx/select.png</iconSelect>
			<pos>0.05 0.88</pos>
		</helpsystem>
	</view>
</theme>